{
    "page": {
        "title": "Romantic Comedy",
        "total-content-items": "54",
        "page-num-requested": "3",
        "page-size-requested": "20",
        "page-size-returned": "14",
        "content-items": {
            "content": [
                {
                    "name": "Family Pot",
                    "poster-image": "poster9.jpg"
                },
                {
                    "name": "Family Pot",
                    "poster-image": "poster8.jpg"
                },
                {
                    "name": "Rear Window",
                    "poster-image": "poster7.jpg"
                },
                {
                    "name": "The Birds",
                    "poster-image": "poster9.jpg"
                },
                {
                    "name": "Rear Window",
                    "poster-image": "poster9.jpg"
                },
                {
                    "name": "The Birds",
                    "poster-image": "poster8.jpg"
                },
                {
                    "name": "Family Pot",
                    "poster-image": "poster7.jpg"
                },
                {
                    "name": "Family Pot",
                    "poster-image": "poster9.jpg"
                },
                {
                    "name": "Family Pot",
                    "poster-image": "poster8.jpg"
                },
                {
                    "name": "Rear Window",
                    "poster-image": "poster7.jpg"
                },
                {
                    "name": "The Birds with an Extra Long Title",
                    "poster-image": "poster9.jpg"
                },
                {
                    "name": "Rear Window",
                    "poster-image": "poster9.jpg"
                },
                {
                    "name": "The Birds",
                    "poster-image": "poster8.jpg"
                },
                {
                    "name": "Family Pot",
                    "poster-image": "posterthatismissing.jpg"
                }
            ]
        }
    }
}